{
  "concur": {
    "precision": 0.9101796407185628,
    "recall": 0.9702127659574468,
    "f1-score": 0.9392378990731205,
    "support": 940.0
  },
  "oppose": {
    "precision": 0.9128440366972477,
    "recall": 0.6589403973509934,
    "f1-score": 0.7653846153846153,
    "support": 604.0
  },
  "neutral": {
    "precision": 0.7960526315789473,
    "recall": 0.9641434262948207,
    "f1-score": 0.872072072072072,
    "support": 502.0
  },
  "accuracy": 0.8768328445747801,
  "macro avg": {
    "precision": 0.873025436331586,
    "recall": 0.8644321965344203,
    "f1-score": 0.8588981955099358,
    "support": 2046.0
  },
  "weighted avg": {
    "precision": 0.8829643604561184,
    "recall": 0.8768328445747801,
    "f1-score": 0.8714350503427278,
    "support": 2046.0
  }
}