{
  "concur": {
    "precision": 0.8706654170571696,
    "recall": 0.9882978723404255,
    "f1-score": 0.9257598405580468,
    "support": 940.0
  },
  "oppose": {
    "precision": 0.9261363636363636,
    "recall": 0.26986754966887416,
    "f1-score": 0.41794871794871796,
    "support": 604.0
  },
  "neutral": {
    "precision": 0.613947696139477,
    "recall": 0.9820717131474104,
    "f1-score": 0.7555555555555555,
    "support": 502.0
  },
  "accuracy": 0.7746823069403714,
  "macro avg": {
    "precision": 0.8035831589443369,
    "recall": 0.7467457117189035,
    "f1-score": 0.69975470468744,
    "support": 2046.0
  },
  "weighted avg": {
    "precision": 0.8240535675132553,
    "recall": 0.7746823069403714,
    "f1-score": 0.7340880570158743,
    "support": 2046.0
  }
}