{
  "concur": {
    "precision": 0.8800252958713525,
    "recall": 0.7366152450090744,
    "f1-score": 0.8019594121763471,
    "support": 13224.0
  },
  "oppose": {
    "precision": 0.5866236905721193,
    "recall": 0.7424783273839878,
    "f1-score": 0.655413009227999,
    "support": 5883.0
  },
  "neutral": {
    "precision": 0.30434782608695654,
    "recall": 0.9432624113475178,
    "f1-score": 0.4602076124567474,
    "support": 282.0
  },
  "accuracy": 0.741399762752076,
  "macro avg": {
    "precision": 0.5903322708434761,
    "recall": 0.8074519945801932,
    "f1-score": 0.6391933446203645,
    "support": 19389.0
  },
  "weighted avg": {
    "precision": 0.7826286951980538,
    "recall": 0.741399762752076,
    "f1-score": 0.7525238303481941,
    "support": 19389.0
  }
}