{
  "concur": {
    "precision": 0.5212121212121212,
    "recall": 0.5292307692307693,
    "f1-score": 0.5251908396946565,
    "support": 325.0
  },
  "oppose": {
    "precision": 0.6213991769547325,
    "recall": 0.7259615384615384,
    "f1-score": 0.6696230598669624,
    "support": 416.0
  },
  "neutral": {
    "precision": 0.5076923076923077,
    "recall": 0.36666666666666664,
    "f1-score": 0.4258064516129032,
    "support": 270.0
  },
  "accuracy": 0.5667655786350149,
  "macro avg": {
    "precision": 0.5501012019530538,
    "recall": 0.5406196581196582,
    "f1-score": 0.5402067837248407,
    "support": 1011.0
  },
  "weighted avg": {
    "precision": 0.5588258358892495,
    "recall": 0.5667655786350149,
    "f1-score": 0.5580790877753744,
    "support": 1011.0
  }
}