{
  "concur": {
    "precision": 0.5451807228915663,
    "recall": 0.556923076923077,
    "f1-score": 0.5509893455098934,
    "support": 325.0
  },
  "oppose": {
    "precision": 0.6975,
    "recall": 0.6706730769230769,
    "f1-score": 0.6838235294117647,
    "support": 416.0
  },
  "neutral": {
    "precision": 0.4874551971326165,
    "recall": 0.5037037037037037,
    "f1-score": 0.49544626593806923,
    "support": 270.0
  },
  "accuracy": 0.5895153313550939,
  "macro avg": {
    "precision": 0.5767119733413942,
    "recall": 0.577099952516619,
    "f1-score": 0.5767530469532424,
    "support": 1011.0
  },
  "weighted avg": {
    "precision": 0.592439800361588,
    "recall": 0.5895153313550939,
    "f1-score": 0.590813666992372,
    "support": 1011.0
  }
}