{
  "best_global_step": 165,
  "best_metric": 0.48428193686420123,
  "best_model_checkpoint": "output/stance/final_model/checkpoint-165",
  "epoch": 1.0,
  "eval_steps": 500,
  "global_step": 165,
  "is_hyper_param_search": false,
  "is_local_process_zero": true,
  "is_world_process_zero": true,
  "log_history": [
    {
      "epoch": 0.303951367781155,
      "grad_norm": 10.495695114135742,
      "learning_rate": 7.451824548152257e-05,
      "loss": 2.2961,
      "step": 50
    },
    {
      "epoch": 0.60790273556231,
      "grad_norm": 11.84489631652832,
      "learning_rate": 6.130579060891218e-05,
      "loss": 2.1569,
      "step": 100
    },
    {
      "epoch": 0.9118541033434651,
      "grad_norm": 4.804052829742432,
      "learning_rate": 4.80933357363018e-05,
      "loss": 2.0504,
      "step": 150
    },
    {
      "epoch": 1.0,
      "eval_accuracy": 0.5091185410334347,
      "eval_f1_macro": 0.48428193686420123,
      "eval_f1_micro": 0.5091185410334347,
      "eval_loss": 0.9872310161590576,
      "eval_precision_macro": 0.5138058225424715,
      "eval_precision_micro": 0.5091185410334347,
      "eval_recall_macro": 0.4974840039708446,
      "eval_recall_micro": 0.5091185410334347,
      "eval_runtime": 1.5441,
      "eval_samples_per_second": 426.13,
      "eval_specificity_macro": 0.7510425226486492,
      "eval_steps_per_second": 53.752,
      "step": 165
    }
  ],
  "logging_steps": 50,
  "max_steps": 330,
  "num_input_tokens_seen": 0,
  "num_train_epochs": 2,
  "save_steps": 500,
  "stateful_callbacks": {
    "TrainerControl": {
      "args": {
        "should_epoch_stop": false,
        "should_evaluate": false,
        "should_log": false,
        "should_save": true,
        "should_training_stop": false
      },
      "attributes": {}
    }
  },
  "total_flos": 461176347021696.0,
  "train_batch_size": 8,
  "trial_name": null,
  "trial_params": null
}
