{
  "concur": {
    "precision": 0.8740011775590882,
    "recall": 0.785768300060496,
    "f1-score": 0.8275395213634372,
    "support": 13224.0
  },
  "oppose": {
    "precision": 0.6338498936493467,
    "recall": 0.7091619921808601,
    "f1-score": 0.6693943040513438,
    "support": 5883.0
  },
  "neutral": {
    "precision": 0.2875816993464052,
    "recall": 0.9361702127659575,
    "f1-score": 0.44,
    "support": 282.0
  },
  "accuracy": 0.7647119500747847,
  "macro avg": {
    "precision": 0.5984775901849467,
    "recall": 0.8103668350024379,
    "f1-score": 0.6456446084715937,
    "support": 19389.0
  },
  "weighted avg": {
    "precision": 0.7926055255864757,
    "recall": 0.7647119500747847,
    "f1-score": 0.77391868179092,
    "support": 19389.0
  }
}