{
  "concur": {
    "precision": 0.8727924238546199,
    "recall": 0.7735934664246824,
    "f1-score": 0.820204449789537,
    "support": 13224.0
  },
  "oppose": {
    "precision": 0.6191178639917392,
    "recall": 0.7134115247322794,
    "f1-score": 0.6629284473226978,
    "support": 5883.0
  },
  "neutral": {
    "precision": 0.2958380202474691,
    "recall": 0.9326241134751773,
    "f1-score": 0.44918872758326217,
    "support": 282.0
  },
  "accuracy": 0.7576460879880345,
  "macro avg": {
    "precision": 0.5959161026979427,
    "recall": 0.8065430348773797,
    "f1-score": 0.6441072082318323,
    "support": 19389.0
  },
  "weighted avg": {
    "precision": 0.7874312098935831,
    "recall": 0.7576460879880345,
    "f1-score": 0.7670876744955774,
    "support": 19389.0
  }
}