{
  "concur": {
    "precision": 0.9068384539147671,
    "recall": 0.973404255319149,
    "f1-score": 0.9389430477167778,
    "support": 940.0
  },
  "oppose": {
    "precision": 0.927360774818402,
    "recall": 0.6341059602649006,
    "f1-score": 0.7531956735496559,
    "support": 604.0
  },
  "neutral": {
    "precision": 0.7772435897435898,
    "recall": 0.9661354581673307,
    "f1-score": 0.8614564831261101,
    "support": 502.0
  },
  "accuracy": 0.8714565004887586,
  "macro avg": {
    "precision": 0.870480939492253,
    "recall": 0.8578818912504601,
    "f1-score": 0.8511984014641812,
    "support": 2046.0
  },
  "weighted avg": {
    "precision": 0.8810998713203704,
    "recall": 0.8714565004887586,
    "f1-score": 0.8650966794755967,
    "support": 2046.0
  }
}