{
  "concur": {
    "precision": 0.8916586768935763,
    "recall": 0.9893617021276596,
    "f1-score": 0.9379727685325264,
    "support": 940.0
  },
  "oppose": {
    "precision": 0.9727520435967303,
    "recall": 0.5910596026490066,
    "f1-score": 0.7353244078269825,
    "support": 604.0
  },
  "neutral": {
    "precision": 0.7751572327044025,
    "recall": 0.9820717131474104,
    "f1-score": 0.8664323374340949,
    "support": 502.0
  },
  "accuracy": 0.8699902248289345,
  "macro avg": {
    "precision": 0.8798559843982363,
    "recall": 0.8541643393080255,
    "f1-score": 0.846576504597868,
    "support": 2046.0
  },
  "weighted avg": {
    "precision": 0.8870138423411519,
    "recall": 0.8699902248289345,
    "f1-score": 0.8605959814955954,
    "support": 2046.0
  }
}