{
  "concur": {
    "precision": 0.946524064171123,
    "recall": 0.9414893617021277,
    "f1-score": 0.944,
    "support": 940.0
  },
  "oppose": {
    "precision": 0.8680555555555556,
    "recall": 0.6208609271523179,
    "f1-score": 0.7239382239382239,
    "support": 604.0
  },
  "neutral": {
    "precision": 0.7157584683357879,
    "recall": 0.9681274900398407,
    "f1-score": 0.8230313293818797,
    "support": 502.0
  },
  "accuracy": 0.8533724340175953,
  "macro avg": {
    "precision": 0.8434460293541556,
    "recall": 0.8434925929647621,
    "f1-score": 0.8303231844400346,
    "support": 2046.0
  },
  "weighted avg": {
    "precision": 0.8667394560024323,
    "recall": 0.8533724340175953,
    "f1-score": 0.8493550413530747,
    "support": 2046.0
  }
}