{
  "concur": {
    "precision": 0.5518672199170125,
    "recall": 0.4784172661870504,
    "f1-score": 0.51252408477842,
    "support": 278.0
  },
  "oppose": {
    "precision": 0.5649867374005305,
    "recall": 0.665625,
    "f1-score": 0.6111908177905309,
    "support": 320.0
  },
  "neutral": {
    "precision": 0.4788732394366197,
    "recall": 0.43776824034334766,
    "f1-score": 0.45739910313901344,
    "support": 233.0
  },
  "accuracy": 0.5391095066185319,
  "macro avg": {
    "precision": 0.5319090655847208,
    "recall": 0.527270168843466,
    "f1-score": 0.5270380019026547,
    "support": 831.0
  },
  "weighted avg": {
    "precision": 0.5364528374173666,
    "recall": 0.5391095066185319,
    "f1-score": 0.5350622723137916,
    "support": 831.0
  }
}