{
  "concur": {
    "precision": 0.55893536121673,
    "recall": 0.5287769784172662,
    "f1-score": 0.5434380776340111,
    "support": 278.0
  },
  "oppose": {
    "precision": 0.6801346801346801,
    "recall": 0.63125,
    "f1-score": 0.6547811993517018,
    "support": 320.0
  },
  "neutral": {
    "precision": 0.4907749077490775,
    "recall": 0.5708154506437768,
    "f1-score": 0.5277777777777778,
    "support": 233.0
  },
  "accuracy": 0.5800240673886883,
  "macro avg": {
    "precision": 0.5766149830334959,
    "recall": 0.5769474763536809,
    "f1-score": 0.5753323515878302,
    "support": 831.0
  },
  "weighted avg": {
    "precision": 0.5864954050143004,
    "recall": 0.5800240673886883,
    "f1-score": 0.5819229742443103,
    "support": 831.0
  }
}