{
  "accuracy": 0.9797368755023478,
  "macro_avg": {
    "precision": 0.9780038966910122,
    "recall": 0.9615346888430926,
    "f1": 0.969571656068426
  },
  "weighted_avg": {
    "precision": 0.9797049141588271,
    "recall": 0.9797368755023478,
    "f1": 0.9796955037845905
  },
  "per_class": {
    "concur": {
      "precision": 0.982893381967181,
      "recall": 0.9884358948678694,
      "f1": 0.9856568468604233,
      "support": 559144
    },
    "neutral": {
      "precision": 0.9785357247868274,
      "recall": 0.9319953325554259,
      "f1": 0.9546986684516268,
      "support": 21425
    },
    "oppose": {
      "precision": 0.9725825833190279,
      "recall": 0.9641728391059823,
      "f1": 0.9683594528932279,
      "support": 246796
    }
  },
  "confusion_matrix": [
    [
      552678,
      246,
      6220
    ],
    [
      969,
      19968,
      488
    ],
    [
      8650,
      192,
      237954
    ]
  ]
}