{
  "concur": {
    "precision": 0.4808743169398907,
    "recall": 0.5415384615384615,
    "f1-score": 0.5094066570188133,
    "support": 325.0
  },
  "oppose": {
    "precision": 0.6133004926108374,
    "recall": 0.5985576923076923,
    "f1-score": 0.6058394160583942,
    "support": 416.0
  },
  "neutral": {
    "precision": 0.4769874476987448,
    "recall": 0.4222222222222222,
    "f1-score": 0.44793713163064836,
    "support": 270.0
  },
  "accuracy": 0.533135509396637,
  "macro avg": {
    "precision": 0.523720752416491,
    "recall": 0.520772792022792,
    "f1-score": 0.5210610682359519,
    "support": 1011.0
  },
  "weighted avg": {
    "precision": 0.5343261808212006,
    "recall": 0.533135509396637,
    "f1-score": 0.532670015975946,
    "support": 1011.0
  }
}