{
  "learning_rate": 2.5850958931834968e-05,
  "batch_size": 16,
  "num_epochs": 5,
  "weight_decay": 0.007455064367977083,
  "warmup_ratio": 0.19737738732010346
}